{"weights": [-4.0402770103517565, 4.1344656707180105, 0.9728371688739702, 0.5841131712744683, -1.1706789452705637, 0.9541720582709295, 1.3760010158874794, 2.1768431166989313, -0.3745781139623828, -0.40217032041169387, 1.0037600458157332, 0.5303129207707487, 1.1591341226704432, 1.0750478783181385, 1.0479660928634171, 0.9964187075359113, 0.7342023939507571, 1.0704948405684858, 0.9858154081735363, 0.931539793205306, 1.0026536188616548, 1.0144805330996443, 1.0024461111411993, 1.0019647453612373, 1.176914626760137, 0.9455095059700083, 0.5855372187200636, 0.9988774377154322, 0.8207096411750975, 1.0, 0.9345091662147944, 1.0728295878828835, 0.9976624820011724, 0.998833891568557, 0.8892946337204657, 1.0178714330075436, 1.0, 0.9950946631092746, 0.9740224327832275, 1.0885020856974674, 1.0, 1.0178863215832346, 0.5889409695936808, 0.5790816610768568, 1.0, 1.0, 1.0, 0.9885909100345437, 0.9889448649339605, 0.8143119986724918, 0.9633648155091957, 0.9969455603059109, 0.9840422379725012, 1.0314202980576055, 0.8469823591923601, 0.9380033245842015, 1.0580180326296056, 1.0503893440333405, 0.8455376997037071, 0.679043815897009, 0.8897653497322422, 0.9095759834511126, 0.9772377803085, 1.0050949720556688, 1.000257392843642, 1.0017072538813445, 0.9352935604781151, 1.0365396216106768, 1.0044842887462204, 1.0027067902411915, 1.0005166552108087, 1.0099388374119729, 1.0, -1.6833055074525638, 0.9300213128172148, 1.0027586074732044, 0.31069147781107737, 0.3347035177345484, 0.680416032368356, 0.06891931785793574, 0.8285212198540014, -0.42940450064621777, 0.0409250375888705, 0.9663054762789153, 0.6454255524043604, 0.9057809569589094, 0.8461834979686966, 0.8179861579691466, 0.880569093261196, 1.044153699015956, 0.6503204351563509, 1.0374112040475767, 0.8756530605882945, 0.9658075924435231, 0.8210676410981088, 1.0572785926286854, 0.8587530131049563, 1.0574846055211475, 0.9938578504512627, 0.8068382741022977, 0.8956743905224362, 0.958502086201451, 0.7236688856382686, 0.7813689262095739, 0.8178046952449672, 1.0708163409434512, 1.0621696303683974, 0.8957580474586307, 0.6025985521422141, 0.8615749240364698, 0.8032468505822712, 1.1234112732263837, 1.0075112887353417, -1.646595495352352, 0.8698470609782809, -0.5260594348476374, -0.2506889995264383], "bias": -2.77674843437408}